Employee_ID,Name,Age,Department,Position,Salary,Experience,Gender
1,Employee_1,50,Marketing,Intern,57734,15,Female
2,Employee_2,36,HR,Intern,53173,32,Male
3,Employee_3,29,Marketing,Manager,60403,32,Female
4,Employee_4,42,Marketing,Manager,96321,4,Female
5,Employee_5,40,Finance,Engineer,101675,18,Male
6,Employee_6,44,IT,Intern,36344,19,Female
7,Employee_7,32,HR,Executive,48800,14,Female
8,Employee_8,32,Finance,Manager,55372,33,Male
9,Employee_9,45,IT,Engineer,91516,14,Male
10,Employee_10,57,IT,Intern,50538,34,Female
11,Employee_11,45,Sales,Intern,93918,4,Female
12,Employee_12,24,HR,Executive,44973,24,Female
13,Employee_13,43,IT,Engineer,101155,29,Male
14,Employee_14,23,Finance,Intern,130240,19,Female
15,Employee_15,45,Sales,Manager,89500,6,Female
16,Employee_16,51,HR,Executive,66575,33,Female
17,Employee_17,59,Marketing,Engineer,135455,19,Male
18,Employee_18,23,Finance,Executive,72261,1,Male
19,Employee_19,42,IT,Manager,140659,5,Male
20,Employee_20,54,IT,Engineer,57716,27,Male
21,Employee_21,33,Finance,Executive,33236,16,Female
22,Employee_22,43,IT,Analyst,45848,6,Male
23,Employee_23,46,Sales,Manager,32352,13,Female
24,Employee_24,48,HR,Manager,31932,19,Female
25,Employee_25,49,Sales,Manager,106449,12,Female
26,Employee_26,37,IT,Analyst,38556,16,Female
27,Employee_27,36,Marketing,Analyst,116836,10,Male
28,Employee_28,24,HR,Intern,35498,25,Male
29,Employee_29,58,HR,Executive,106118,20,Male
30,Employee_30,28,Finance,Intern,80098,31,Male
31,Employee_31,42,Finance,Executive,94386,4,Male
32,Employee_32,30,Marketing,Analyst,142169,23,Female
33,Employee_33,39,HR,Analyst,39569,2,Male
34,Employee_34,25,Marketing,Intern,146127,22,Male
35,Employee_35,46,Finance,Engineer,86882,8,Male
36,Employee_36,35,Finance,Intern,100393,7,Male
37,Employee_37,30,HR,Executive,30340,14,Female
38,Employee_38,47,Sales,Intern,73949,3,Female
39,Employee_39,23,IT,Manager,112302,16,Female
40,Employee_40,41,Finance,Executive,92443,19,Female
41,Employee_41,49,Finance,Executive,121668,18,Female
42,Employee_42,28,Sales,Engineer,104027,16,Male
43,Employee_43,29,Sales,Analyst,30138,8,Female
44,Employee_44,56,Marketing,Executive,30358,33,Female
45,Employee_45,35,Marketing,Analyst,149619,12,Female
46,Employee_46,38,IT,Intern,105250,11,Male
47,Employee_47,57,IT,Manager,115376,5,Male
48,Employee_48,25,HR,Engineer,129931,27,Female
49,Employee_49,23,Marketing,Analyst,60654,12,Male
50,Employee_50,27,Finance,Executive,55879,17,Male
51,Employee_51,25,Marketing,Analyst,111532,6,Female
52,Employee_52,50,Finance,Executive,85778,33,Male
53,Employee_53,39,Sales,Analyst,67772,5,Male
54,Employee_54,47,Marketing,Executive,88478,28,Male
55,Employee_55,55,Sales,Intern,94353,14,Female
56,Employee_56,31,IT,Executive,56762,5,Female
57,Employee_57,57,IT,Executive,43283,33,Female
58,Employee_58,35,HR,Manager,93922,19,Male
59,Employee_59,52,Marketing,Executive,69420,22,Female
60,Employee_60,36,Sales,Manager,85568,5,Male
61,Employee_61,29,Finance,Engineer,115090,2,Male
62,Employee_62,35,IT,Manager,50219,30,Male
63,Employee_63,44,IT,Intern,87169,4,Female
64,Employee_64,42,Finance,Manager,130455,33,Female
65,Employee_65,37,Sales,Engineer,104965,13,Female
66,Employee_66,39,Sales,Intern,76840,20,Female
67,Employee_67,45,Marketing,Analyst,74695,7,Male
68,Employee_68,47,Marketing,Analyst,135209,15,Female
69,Employee_69,46,HR,Manager,114754,23,Male
70,Employee_70,50,IT,Manager,107988,14,Female
71,Employee_71,36,Marketing,Engineer,88342,23,Female
72,Employee_72,22,Sales,Engineer,144516,19,Female
73,Employee_73,46,Finance,Executive,48951,29,Male
74,Employee_74,28,Sales,Engineer,31307,20,Male
75,Employee_75,30,IT,Executive,110388,29,Male
76,Employee_76,45,Sales,Intern,120768,24,Male
77,Employee_77,22,HR,Manager,65428,18,Male
78,Employee_78,29,IT,Intern,138707,10,Female
79,Employee_79,45,Finance,Engineer,122021,8,Male
80,Employee_80,32,HR,Intern,148418,26,Male
81,Employee_81,38,IT,Intern,105774,29,Male
82,Employee_82,29,Finance,Intern,68975,10,Male
83,Employee_83,56,HR,Engineer,147850,17,Female
84,Employee_84,56,HR,Intern,31140,2,Male
85,Employee_85,54,IT,Executive,54842,6,Female
86,Employee_86,26,Marketing,Engineer,56421,5,Female
87,Employee_87,49,HR,Intern,31708,28,Female
88,Employee_88,28,HR,Engineer,33630,5,Male
89,Employee_89,30,Finance,Analyst,49595,18,Female
90,Employee_90,29,Sales,Executive,106021,26,Male
91,Employee_91,33,IT,Intern,58308,20,Male
92,Employee_92,55,IT,Analyst,74789,27,Male
93,Employee_93,54,Marketing,Analyst,85690,12,Male
94,Employee_94,44,Marketing,Engineer,56086,7,Male
95,Employee_95,45,IT,Analyst,46859,3,Female
96,Employee_96,58,Marketing,Executive,37684,10,Female
97,Employee_97,56,Finance,Executive,121088,34,Male
98,Employee_98,43,IT,Manager,31207,25,Female
99,Employee_99,48,Marketing,Executive,76099,16,Male
100,Employee_100,56,IT,Analyst,97496,2,Female
101,Employee_101,22,Sales,Executive,96093,24,Female
102,Employee_102,56,HR,Engineer,59689,10,Female
103,Employee_103,58,IT,Manager,78651,22,Female
104,Employee_104,35,HR,Analyst,43893,26,Female
105,Employee_105,24,Marketing,Manager,127808,27,Male
106,Employee_106,22,HR,Analyst,96418,29,Male
107,Employee_107,26,IT,Engineer,133065,20,Female
108,Employee_108,47,Sales,Manager,90011,27,Male
109,Employee_109,35,Marketing,Intern,68635,20,Female
110,Employee_110,48,IT,Analyst,86115,19,Male
111,Employee_111,30,Marketing,Intern,125071,20,Female
112,Employee_112,36,Finance,Manager,108405,2,Female
113,Employee_113,36,HR,Intern,102702,30,Female
114,Employee_114,47,Finance,Intern,108518,34,Male
115,Employee_115,34,IT,Manager,136233,22,Male
116,Employee_116,53,Sales,Engineer,133651,3,Female
117,Employee_117,53,Marketing,Intern,102805,6,Female
118,Employee_118,25,HR,Intern,88954,15,Male
119,Employee_119,51,Marketing,Engineer,58064,27,Male
120,Employee_120,58,IT,Intern,109063,10,Male
121,Employee_121,44,Marketing,Intern,32454,9,Male
122,Employee_122,36,HR,Intern,50878,33,Male
123,Employee_123,50,IT,Executive,81098,32,Female
124,Employee_124,57,Marketing,Engineer,92154,6,Male
125,Employee_125,34,Sales,Intern,42991,2,Female
126,Employee_126,53,IT,Engineer,98344,29,Female
127,Employee_127,28,IT,Analyst,134946,4,Male
128,Employee_128,43,Sales,Analyst,66593,1,Male
129,Employee_129,49,Finance,Intern,66304,19,Female
130,Employee_130,23,HR,Engineer,60386,26,Male
131,Employee_131,27,Finance,Engineer,85220,25,Female
132,Employee_132,49,Marketing,Engineer,143613,10,Male
133,Employee_133,49,Sales,Executive,99338,15,Male
134,Employee_134,41,Finance,Analyst,124289,22,Male
135,Employee_135,51,IT,Engineer,51083,21,Female
136,Employee_136,32,Marketing,Engineer,48354,22,Male
137,Employee_137,49,Marketing,Executive,52190,34,Female
138,Employee_138,46,Finance,Executive,36142,30,Male
139,Employee_139,54,Finance,Engineer,58398,25,Female
140,Employee_140,22,Sales,Manager,81971,28,Male
141,Employee_141,48,HR,Engineer,71862,1,Female
142,Employee_142,34,Finance,Engineer,128668,4,Female
143,Employee_143,24,Finance,Executive,83410,7,Female
144,Employee_144,27,IT,Executive,49503,9,Female
145,Employee_145,29,Marketing,Engineer,78456,19,Female
146,Employee_146,48,HR,Engineer,130167,1,Female
147,Employee_147,30,IT,Engineer,112035,10,Male
148,Employee_148,58,Sales,Executive,135388,9,Female
149,Employee_149,54,Sales,Engineer,38016,32,Female
150,Employee_150,45,Finance,Engineer,32384,32,Female
151,Employee_151,36,Finance,Intern,92320,6,Male
152,Employee_152,53,Sales,Manager,45072,17,Male
153,Employee_153,53,Finance,Analyst,132239,10,Male
154,Employee_154,45,HR,Manager,141431,27,Female
155,Employee_155,33,Finance,Intern,110018,21,Male
156,Employee_156,23,Marketing,Analyst,70510,25,Male
157,Employee_157,24,Finance,Engineer,78933,28,Female
158,Employee_158,58,IT,Intern,51826,15,Female
159,Employee_159,38,HR,Engineer,98026,4,Male
160,Employee_160,23,IT,Executive,141628,29,Female
161,Employee_161,23,IT,Intern,55518,9,Female
162,Employee_162,49,Marketing,Executive,54045,27,Female
163,Employee_163,44,HR,Intern,80876,26,Female
164,Employee_164,58,HR,Intern,122446,19,Male
165,Employee_165,53,HR,Executive,120102,28,Female
166,Employee_166,54,HR,Analyst,81919,17,Male
167,Employee_167,22,HR,Manager,129441,20,Male
168,Employee_168,40,Marketing,Engineer,57103,23,Male
169,Employee_169,23,Finance,Intern,148805,32,Male
170,Employee_170,47,IT,Engineer,66188,33,Female
171,Employee_171,53,HR,Executive,35845,5,Female
172,Employee_172,27,Finance,Engineer,116698,34,Female
173,Employee_173,53,Finance,Executive,66674,11,Male
174,Employee_174,25,IT,Engineer,148325,3,Male
175,Employee_175,32,Marketing,Manager,49337,33,Male
176,Employee_176,38,Sales,Manager,52313,11,Female
177,Employee_177,59,Sales,Manager,56943,16,Male
178,Employee_178,45,Finance,Manager,107949,18,Female
179,Employee_179,26,IT,Manager,30276,30,Female
180,Employee_180,55,Sales,Manager,81151,10,Female
181,Employee_181,27,Finance,Executive,47611,18,Female
182,Employee_182,43,Marketing,Intern,134641,19,Male
183,Employee_183,32,Sales,Engineer,41944,13,Female
184,Employee_184,37,Finance,Manager,82887,3,Male
185,Employee_185,54,Finance,Executive,111442,10,Female
186,Employee_186,30,HR,Executive,79847,1,Male
187,Employee_187,27,Marketing,Executive,88653,27,Male
188,Employee_188,37,HR,Intern,116072,8,Female
189,Employee_189,50,IT,Engineer,86622,17,Female
190,Employee_190,24,HR,Intern,57810,9,Female
191,Employee_191,41,HR,Analyst,107842,6,Male
192,Employee_192,57,Sales,Executive,40503,25,Female
193,Employee_193,40,Finance,Analyst,114761,28,Female
194,Employee_194,47,Marketing,Manager,66976,33,Male
195,Employee_195,24,HR,Manager,41590,9,Female
196,Employee_196,40,Marketing,Intern,40886,18,Male
197,Employee_197,41,HR,Engineer,42866,21,Female
198,Employee_198,53,IT,Analyst,96624,2,Male
199,Employee_199,28,HR,Engineer,98899,15,Male
200,Employee_200,54,Sales,Intern,62792,28,Female
201,Employee_201,39,Finance,Manager,39764,18,Male
202,Employee_202,22,IT,Engineer,116156,34,Female
203,Employee_203,32,HR,Engineer,72727,22,Female
204,Employee_204,49,Marketing,Manager,108471,11,Male
205,Employee_205,46,IT,Analyst,38068,13,Female
206,Employee_206,44,IT,Manager,146923,4,Male
207,Employee_207,52,HR,Engineer,37295,22,Male
208,Employee_208,51,IT,Analyst,71160,7,Male
209,Employee_209,56,Marketing,Analyst,41390,24,Male
210,Employee_210,28,IT,Manager,136752,4,Male
211,Employee_211,37,Marketing,Engineer,50131,28,Male
212,Employee_212,47,HR,Intern,124754,15,Male
213,Employee_213,23,Finance,Engineer,105969,1,Male
214,Employee_214,22,IT,Executive,45038,3,Female
215,Employee_215,33,Finance,Intern,82327,14,Female
216,Employee_216,26,Marketing,Analyst,123718,1,Male
217,Employee_217,58,IT,Intern,107064,21,Female
218,Employee_218,53,Sales,Analyst,51281,29,Female
219,Employee_219,30,Finance,Analyst,84189,5,Female
220,Employee_220,56,IT,Intern,78511,10,Female
221,Employee_221,40,Finance,Analyst,38605,28,Female
222,Employee_222,37,IT,Analyst,130318,21,Female
223,Employee_223,24,HR,Executive,31381,7,Male
224,Employee_224,41,Finance,Engineer,96634,3,Female
225,Employee_225,45,Sales,Engineer,49810,20,Female
226,Employee_226,54,Sales,Executive,148343,19,Female
227,Employee_227,45,Marketing,Intern,54322,4,Female
228,Employee_228,32,IT,Manager,71869,5,Male
229,Employee_229,29,Finance,Manager,62955,1,Male
230,Employee_230,57,Marketing,Manager,91388,4,Male
231,Employee_231,59,Finance,Executive,140252,12,Male
232,Employee_232,41,IT,Executive,40207,27,Female
233,Employee_233,56,Sales,Analyst,117329,23,Male
234,Employee_234,46,HR,Manager,97628,25,Male
235,Employee_235,56,Sales,Intern,58220,21,Male
236,Employee_236,46,Marketing,Intern,114050,24,Male
237,Employee_237,50,HR,Manager,133546,25,Female
238,Employee_238,39,Marketing,Manager,104085,32,Male
239,Employee_239,39,IT,Manager,52031,32,Female
240,Employee_240,23,HR,Executive,100721,5,Male
241,Employee_241,56,Marketing,Executive,110807,16,Female
242,Employee_242,37,IT,Executive,101312,33,Female
243,Employee_243,57,Sales,Engineer,89766,21,Male
244,Employee_244,54,IT,Intern,42449,9,Male
245,Employee_245,25,Finance,Intern,119833,6,Male
246,Employee_246,54,IT,Analyst,86699,22,Male
247,Employee_247,35,IT,Executive,136127,5,Female
248,Employee_248,42,Finance,Engineer,111253,23,Female
249,Employee_249,41,Marketing,Engineer,135659,17,Male
250,Employee_250,29,Marketing,Intern,134769,12,Male
251,Employee_251,28,IT,Executive,141041,23,Female
252,Employee_252,24,Finance,Analyst,146185,16,Male
253,Employee_253,38,Finance,Executive,76092,3,Female
254,Employee_254,54,Sales,Manager,93671,30,Male
255,Employee_255,33,Marketing,Executive,40350,22,Female
256,Employee_256,43,HR,Manager,126158,9,Female
257,Employee_257,43,Marketing,Manager,130859,29,Female
258,Employee_258,51,Marketing,Analyst,98487,23,Female
259,Employee_259,59,Sales,Intern,47622,13,Female
260,Employee_260,59,HR,Executive,100263,32,Male
261,Employee_261,29,Sales,Manager,83117,23,Female
262,Employee_262,48,HR,Executive,133990,17,Male
263,Employee_263,48,IT,Intern,88394,21,Female
264,Employee_264,55,HR,Intern,132005,2,Female
265,Employee_265,42,Sales,Engineer,131084,6,Male
266,Employee_266,51,Marketing,Intern,53782,18,Male
267,Employee_267,54,HR,Analyst,146276,30,Male
268,Employee_268,49,HR,Manager,58454,22,Male
269,Employee_269,54,Finance,Engineer,97904,33,Female
270,Employee_270,26,Marketing,Analyst,45592,30,Male
271,Employee_271,40,IT,Executive,52173,17,Female
272,Employee_272,25,Sales,Manager,63204,32,Male
273,Employee_273,56,IT,Intern,65596,14,Male
274,Employee_274,38,Marketing,Manager,64324,10,Female
275,Employee_275,49,HR,Executive,141668,34,Female
276,Employee_276,51,HR,Engineer,91202,9,Male
277,Employee_277,50,Marketing,Engineer,119400,28,Female
278,Employee_278,27,HR,Engineer,143365,11,Female
279,Employee_279,56,HR,Intern,60750,14,Female
280,Employee_280,58,HR,Analyst,106112,19,Female
281,Employee_281,45,Sales,Analyst,46566,15,Female
282,Employee_282,50,Sales,Manager,37190,28,Female
283,Employee_283,52,Finance,Intern,118607,24,Female
284,Employee_284,56,IT,Engineer,68333,8,Female
285,Employee_285,54,Marketing,Engineer,110905,9,Male
286,Employee_286,42,Marketing,Executive,119571,33,Female
287,Employee_287,53,Marketing,Executive,31589,33,Male
288,Employee_288,44,Finance,Engineer,55235,19,Female
289,Employee_289,54,Sales,Engineer,30159,3,Female
290,Employee_290,24,Finance,Intern,42145,10,Female
291,Employee_291,39,Marketing,Analyst,110909,1,Female
292,Employee_292,46,IT,Executive,61921,29,Male
293,Employee_293,52,HR,Analyst,134859,34,Male
294,Employee_294,24,Sales,Intern,46237,13,Female
295,Employee_295,45,Sales,Engineer,137507,1,Male
296,Employee_296,53,Finance,Analyst,38244,34,Female
297,Employee_297,43,Sales,Engineer,44743,29,Female
298,Employee_298,44,Marketing,Engineer,127102,13,Male
299,Employee_299,23,Marketing,Manager,76101,29,Male
300,Employee_300,48,Finance,Analyst,141645,24,Female
301,Employee_301,23,Marketing,Analyst,114227,26,Female
302,Employee_302,47,IT,Engineer,129532,17,Male
303,Employee_303,38,Finance,Intern,86378,7,Female
304,Employee_304,54,IT,Manager,101126,13,Male
305,Employee_305,30,HR,Engineer,86071,5,Female
306,Employee_306,50,IT,Executive,101121,26,Female
307,Employee_307,47,HR,Executive,104763,3,Male
308,Employee_308,56,HR,Manager,123814,7,Male
309,Employee_309,46,IT,Intern,134350,1,Male
310,Employee_310,45,Finance,Engineer,42237,17,Female
311,Employee_311,34,Marketing,Analyst,45649,25,Female
312,Employee_312,28,Marketing,Manager,67713,3,Female
313,Employee_313,57,HR,Intern,103463,15,Female
314,Employee_314,41,HR,Analyst,75409,29,Male
315,Employee_315,22,Finance,Executive,78766,32,Female
316,Employee_316,29,Sales,Executive,76154,26,Female
317,Employee_317,37,IT,Analyst,37016,16,Female
318,Employee_318,35,HR,Manager,109563,25,Male
319,Employee_319,33,Marketing,Executive,78688,28,Female
320,Employee_320,44,Finance,Engineer,119678,9,Female
321,Employee_321,36,IT,Analyst,142056,1,Male
322,Employee_322,49,Finance,Analyst,84238,29,Female
323,Employee_323,55,IT,Executive,88608,22,Female
324,Employee_324,23,IT,Manager,119081,16,Male
325,Employee_325,53,HR,Engineer,146572,7,Female
326,Employee_326,44,Finance,Manager,61897,14,Female
327,Employee_327,43,Finance,Intern,80961,29,Female
328,Employee_328,46,Marketing,Intern,98703,19,Male
329,Employee_329,43,Marketing,Executive,74757,19,Female
330,Employee_330,43,HR,Executive,56917,2,Female
331,Employee_331,27,HR,Executive,52736,15,Male
332,Employee_332,36,Sales,Intern,57990,3,Male
333,Employee_333,58,Marketing,Manager,92551,11,Female
334,Employee_334,54,IT,Manager,88161,30,Female
335,Employee_335,29,Finance,Executive,109623,18,Female
336,Employee_336,26,HR,Engineer,52440,2,Female
337,Employee_337,25,Finance,Manager,65205,32,Male
338,Employee_338,27,Finance,Intern,110811,8,Female
339,Employee_339,53,Sales,Analyst,85103,22,Male
340,Employee_340,51,Marketing,Analyst,100812,6,Male
341,Employee_341,56,HR,Analyst,71627,12,Female
342,Employee_342,37,Finance,Engineer,136122,15,Female
343,Employee_343,34,HR,Executive,133032,28,Male
344,Employee_344,51,IT,Intern,49008,18,Male
345,Employee_345,40,Sales,Engineer,101274,2,Female
346,Employee_346,38,IT,Intern,62402,13,Male
347,Employee_347,40,HR,Intern,83384,15,Female
348,Employee_348,49,HR,Executive,35793,20,Female
349,Employee_349,47,Marketing,Analyst,132827,29,Male
350,Employee_350,58,Finance,Executive,35571,29,Male
351,Employee_351,47,Finance,Engineer,126867,3,Female
352,Employee_352,44,IT,Engineer,46209,19,Male
353,Employee_353,30,Sales,Engineer,143550,3,Female
354,Employee_354,33,Finance,Executive,120930,14,Female
355,Employee_355,22,Marketing,Intern,73148,4,Female
356,Employee_356,22,IT,Intern,121218,11,Male
357,Employee_357,55,IT,Manager,32224,31,Female
358,Employee_358,53,Marketing,Engineer,136693,32,Female
359,Employee_359,46,Sales,Intern,78695,27,Female
360,Employee_360,22,Marketing,Manager,139988,30,Female
361,Employee_361,37,Sales,Intern,138944,2,Female
362,Employee_362,26,Marketing,Engineer,62441,9,Female
363,Employee_363,43,Marketing,Analyst,136966,28,Female
364,Employee_364,50,HR,Engineer,69129,31,Female
365,Employee_365,24,IT,Executive,130252,34,Female
366,Employee_366,33,Marketing,Intern,92368,15,Female
367,Employee_367,47,Marketing,Intern,140395,25,Female
368,Employee_368,37,Finance,Executive,122122,8,Male
369,Employee_369,58,IT,Executive,74760,9,Female
370,Employee_370,43,Finance,Analyst,53478,32,Female
371,Employee_371,50,IT,Intern,101854,17,Female
372,Employee_372,35,Finance,Intern,124230,19,Male
373,Employee_373,49,Marketing,Analyst,115716,29,Female
374,Employee_374,26,Marketing,Manager,42180,7,Male
375,Employee_375,51,HR,Analyst,128538,28,Female
376,Employee_376,26,Finance,Engineer,45372,9,Female
377,Employee_377,33,Sales,Intern,59796,28,Male
378,Employee_378,37,HR,Executive,88272,6,Female
379,Employee_379,47,Finance,Engineer,148295,29,Male
380,Employee_380,47,Finance,Intern,119963,17,Male
381,Employee_381,42,HR,Analyst,128826,16,Female
382,Employee_382,57,Marketing,Engineer,123635,23,Female
383,Employee_383,54,Finance,Intern,141022,31,Female
384,Employee_384,51,Marketing,Manager,84040,3,Female
385,Employee_385,58,HR,Manager,105357,21,Male
386,Employee_386,44,Marketing,Executive,101368,26,Male
387,Employee_387,31,IT,Intern,108356,22,Female
388,Employee_388,26,Sales,Manager,46211,12,Male
389,Employee_389,57,Finance,Analyst,135426,13,Male
390,Employee_390,55,Sales,Intern,35842,11,Female
391,Employee_391,52,Marketing,Analyst,93115,16,Male
392,Employee_392,31,Finance,Analyst,96852,8,Male
393,Employee_393,40,Marketing,Manager,75968,2,Female
394,Employee_394,53,IT,Intern,47508,30,Male
395,Employee_395,22,HR,Engineer,52005,30,Female
396,Employee_396,26,Finance,Manager,84575,12,Male
397,Employee_397,25,IT,Manager,110742,10,Female
398,Employee_398,37,IT,Intern,48971,11,Male
399,Employee_399,45,Finance,Intern,55599,15,Male
400,Employee_400,37,Marketing,Analyst,117592,16,Female
401,Employee_401,23,IT,Intern,96914,17,Female
402,Employee_402,49,Sales,Analyst,148062,26,Female
403,Employee_403,53,IT,Manager,97055,2,Female
404,Employee_404,48,Marketing,Executive,117697,12,Male
405,Employee_405,41,Marketing,Engineer,136239,26,Male
406,Employee_406,45,Sales,Manager,134397,23,Male
407,Employee_407,33,IT,Intern,35355,18,Female
408,Employee_408,56,Marketing,Engineer,84120,32,Male
409,Employee_409,54,Finance,Executive,104619,3,Male
410,Employee_410,54,HR,Executive,68342,3,Female
411,Employee_411,58,HR,Analyst,115992,30,Female
412,Employee_412,33,HR,Engineer,108860,1,Male
413,Employee_413,24,IT,Analyst,32257,30,Female
414,Employee_414,22,Sales,Manager,57364,32,Male
415,Employee_415,54,Marketing,Engineer,54972,28,Male
416,Employee_416,31,Finance,Manager,141715,21,Female
417,Employee_417,50,Finance,Analyst,56654,13,Male
418,Employee_418,34,IT,Engineer,110769,27,Female
419,Employee_419,33,HR,Analyst,111423,7,Female
420,Employee_420,52,IT,Engineer,59320,22,Male
421,Employee_421,23,Sales,Analyst,50808,10,Male
422,Employee_422,56,Sales,Executive,82389,15,Male
423,Employee_423,44,Marketing,Analyst,125690,15,Female
424,Employee_424,38,Marketing,Executive,148581,4,Male
425,Employee_425,47,Sales,Analyst,64773,32,Female
426,Employee_426,29,Sales,Engineer,81168,23,Female
427,Employee_427,50,Sales,Engineer,57747,6,Male
428,Employee_428,47,IT,Engineer,106396,24,Female
429,Employee_429,31,Sales,Intern,138374,20,Male
430,Employee_430,47,Finance,Manager,137692,20,Male
431,Employee_431,55,HR,Engineer,113692,12,Male
432,Employee_432,28,Sales,Executive,87505,33,Male
433,Employee_433,25,HR,Engineer,115896,28,Male
434,Employee_434,32,IT,Intern,48135,8,Male
435,Employee_435,50,HR,Executive,120887,1,Male
436,Employee_436,57,IT,Intern,126035,22,Female
437,Employee_437,46,Finance,Executive,77377,6,Male
438,Employee_438,42,IT,Analyst,53554,21,Female
439,Employee_439,57,IT,Manager,92491,32,Female
440,Employee_440,31,Marketing,Manager,85621,15,Female
441,Employee_441,58,Sales,Intern,144667,5,Male
442,Employee_442,30,Sales,Manager,88283,6,Female
443,Employee_443,45,Finance,Intern,115140,25,Female
444,Employee_444,56,Finance,Intern,46923,29,Male
445,Employee_445,56,Sales,Intern,77591,7,Male
446,Employee_446,57,Marketing,Manager,92261,13,Female
447,Employee_447,39,Sales,Intern,146149,18,Male
448,Employee_448,53,Marketing,Manager,84336,2,Male
449,Employee_449,45,Finance,Intern,104083,8,Male
450,Employee_450,44,HR,Engineer,90948,11,Male
451,Employee_451,53,Finance,Intern,139819,33,Female
452,Employee_452,58,Finance,Executive,63002,27,Male
453,Employee_453,33,IT,Intern,110098,20,Male
454,Employee_454,34,IT,Analyst,146236,12,Male
455,Employee_455,44,IT,Intern,103016,31,Female
456,Employee_456,46,IT,Executive,56672,27,Female
457,Employee_457,56,Marketing,Executive,34213,32,Male
458,Employee_458,51,Sales,Manager,40293,10,Male
459,Employee_459,38,HR,Engineer,129977,3,Female
460,Employee_460,41,Finance,Intern,85860,27,Male
461,Employee_461,46,Marketing,Manager,92507,31,Male
462,Employee_462,43,HR,Engineer,87134,15,Female
463,Employee_463,34,Marketing,Intern,32100,16,Male
464,Employee_464,40,Marketing,Analyst,140153,13,Male
465,Employee_465,57,Finance,Intern,91997,11,Female
466,Employee_466,33,Sales,Executive,58172,21,Female
467,Employee_467,40,IT,Executive,50132,11,Male
468,Employee_468,33,Sales,Analyst,147861,30,Female
469,Employee_469,30,Finance,Manager,48199,22,Male
470,Employee_470,28,Finance,Engineer,66609,31,Male
471,Employee_471,49,Finance,Intern,72965,14,Male
472,Employee_472,35,HR,Executive,38016,24,Female
473,Employee_473,52,Sales,Manager,69779,32,Female
474,Employee_474,40,Sales,Analyst,132797,32,Male
475,Employee_475,37,Marketing,Executive,61881,15,Male
476,Employee_476,26,Marketing,Analyst,112594,3,Female
477,Employee_477,56,Marketing,Intern,54472,16,Female
478,Employee_478,33,Finance,Engineer,136882,5,Female
479,Employee_479,46,Sales,Executive,130462,21,Male
480,Employee_480,42,Finance,Executive,81813,10,Female
481,Employee_481,57,HR,Intern,130368,19,Female
482,Employee_482,44,Marketing,Manager,66021,25,Male
483,Employee_483,37,Finance,Engineer,84131,4,Male
484,Employee_484,35,Finance,Executive,54087,29,Male
485,Employee_485,52,HR,Engineer,42828,19,Female
486,Employee_486,26,IT,Executive,91610,2,Male
487,Employee_487,56,Sales,Engineer,126664,10,Male
488,Employee_488,44,IT,Analyst,31401,25,Male
489,Employee_489,50,Marketing,Executive,115179,20,Male
490,Employee_490,32,Finance,Engineer,45193,19,Female
491,Employee_491,39,HR,Manager,122389,23,Male
492,Employee_492,33,HR,Analyst,74864,24,Female
493,Employee_493,30,Sales,Analyst,50307,11,Female
494,Employee_494,31,IT,Manager,132518,34,Female
495,Employee_495,38,Sales,Engineer,49611,28,Male
496,Employee_496,59,Finance,Intern,73791,5,Female
497,Employee_497,28,Sales,Manager,41950,5,Male
498,Employee_498,34,HR,Engineer,106240,21,Male
499,Employee_499,30,HR,Manager,138647,12,Male
500,Employee_500,48,Marketing,Manager,107403,4,Female
501,Employee_501,23,Marketing,Executive,32745,20,Male
502,Employee_502,26,Finance,Engineer,85243,25,Male
503,Employee_503,50,IT,Intern,33866,14,Male
504,Employee_504,58,Sales,Executive,62245,11,Female
505,Employee_505,59,Finance,Manager,74724,32,Female
506,Employee_506,40,Marketing,Manager,101354,11,Female
507,Employee_507,29,Sales,Manager,81374,18,Male
508,Employee_508,22,Marketing,Engineer,144397,27,Female
509,Employee_509,43,Sales,Engineer,147480,18,Male
510,Employee_510,38,IT,Executive,60116,23,Male
511,Employee_511,28,Finance,Intern,111029,11,Female
512,Employee_512,46,Sales,Executive,123574,21,Male
513,Employee_513,25,HR,Analyst,50447,5,Female
514,Employee_514,57,HR,Manager,60431,23,Male
515,Employee_515,27,Sales,Manager,47908,25,Female
516,Employee_516,52,Sales,Manager,59336,10,Male
517,Employee_517,40,Sales,Executive,70992,22,Male
518,Employee_518,48,HR,Executive,85350,19,Male
519,Employee_519,31,HR,Manager,99561,1,Male
520,Employee_520,47,Sales,Executive,147254,7,Male
521,Employee_521,40,Marketing,Engineer,81955,4,Female
522,Employee_522,24,Marketing,Engineer,91240,1,Male
523,Employee_523,34,IT,Executive,50093,15,Female
524,Employee_524,49,Finance,Manager,36155,12,Female
525,Employee_525,41,Marketing,Executive,76607,22,Female
526,Employee_526,49,HR,Executive,63487,22,Male
527,Employee_527,29,Marketing,Executive,143194,17,Male
528,Employee_528,22,IT,Analyst,85668,29,Male
529,Employee_529,24,IT,Engineer,50963,14,Female
530,Employee_530,34,Finance,Intern,80124,20,Male
531,Employee_531,49,Marketing,Intern,82870,33,Male
532,Employee_532,46,HR,Analyst,86547,15,Female
533,Employee_533,54,HR,Executive,94110,12,Female
534,Employee_534,59,Sales,Analyst,83554,20,Female
535,Employee_535,27,HR,Analyst,50936,30,Female
536,Employee_536,53,Finance,Manager,146895,3,Female
537,Employee_537,42,Finance,Engineer,34426,28,Female
538,Employee_538,37,HR,Intern,118839,26,Male
539,Employee_539,42,HR,Executive,140816,30,Female
540,Employee_540,32,Sales,Intern,57606,13,Male
541,Employee_541,58,HR,Intern,77832,13,Male
542,Employee_542,57,Sales,Engineer,58151,2,Male
543,Employee_543,56,Sales,Intern,109303,2,Female
544,Employee_544,40,HR,Intern,41308,26,Male
545,Employee_545,41,IT,Analyst,139781,11,Female
546,Employee_546,39,IT,Engineer,92522,8,Female
547,Employee_547,35,Sales,Manager,75671,22,Male
548,Employee_548,36,HR,Executive,120306,20,Female
549,Employee_549,52,IT,Intern,124108,8,Male
550,Employee_550,22,HR,Executive,136984,29,Male
551,Employee_551,24,HR,Manager,32204,26,Female
552,Employee_552,37,HR,Executive,122769,30,Male
553,Employee_553,44,Marketing,Manager,117265,17,Male
554,Employee_554,32,HR,Analyst,61131,20,Male
555,Employee_555,33,Marketing,Intern,82428,16,Female
556,Employee_556,31,Sales,Manager,63870,7,Male
557,Employee_557,53,IT,Executive,133547,16,Female
558,Employee_558,37,IT,Intern,134918,27,Female
559,Employee_559,29,IT,Analyst,79067,23,Male
560,Employee_560,59,IT,Intern,88585,24,Male
561,Employee_561,33,IT,Manager,137011,9,Female
562,Employee_562,45,IT,Analyst,142217,20,Female
563,Employee_563,49,IT,Executive,51607,17,Male
564,Employee_564,29,Sales,Analyst,54968,31,Male
565,Employee_565,49,HR,Analyst,128934,8,Female
566,Employee_566,57,Finance,Engineer,41908,15,Female
567,Employee_567,47,Marketing,Analyst,56423,31,Female
568,Employee_568,29,Finance,Analyst,139151,30,Female
569,Employee_569,49,Finance,Intern,104707,20,Female
570,Employee_570,49,HR,Executive,108257,12,Male
571,Employee_571,58,HR,Intern,91215,17,Female
572,Employee_572,57,HR,Intern,85835,30,Female
573,Employee_573,48,IT,Manager,79429,29,Male
574,Employee_574,38,Sales,Intern,112152,19,Male
575,Employee_575,30,IT,Engineer,138048,11,Female
576,Employee_576,54,Sales,Engineer,68458,34,Female
577,Employee_577,41,Sales,Manager,76169,7,Male
578,Employee_578,34,Finance,Executive,37659,34,Female
579,Employee_579,49,Finance,Executive,90614,20,Female
580,Employee_580,50,Sales,Intern,138905,24,Male
581,Employee_581,34,Sales,Intern,107240,10,Female
582,Employee_582,56,IT,Intern,62793,32,Male
583,Employee_583,27,IT,Executive,143688,15,Male
584,Employee_584,39,Finance,Analyst,76473,20,Male
585,Employee_585,26,HR,Engineer,126762,3,Male
586,Employee_586,46,Sales,Analyst,119388,8,Female
587,Employee_587,23,IT,Analyst,127618,23,Male
588,Employee_588,31,Finance,Executive,118330,11,Female
589,Employee_589,51,IT,Analyst,136956,8,Female
590,Employee_590,26,Sales,Manager,148452,29,Female
591,Employee_591,54,Sales,Intern,85751,30,Female
592,Employee_592,22,Marketing,Manager,108915,10,Female
593,Employee_593,39,HR,Engineer,84254,28,Male
594,Employee_594,53,Marketing,Intern,37006,13,Male
595,Employee_595,32,Finance,Analyst,148171,32,Male
596,Employee_596,42,IT,Engineer,146682,26,Male
597,Employee_597,47,Finance,Intern,104218,22,Female
598,Employee_598,46,Sales,Analyst,95344,4,Male
599,Employee_599,43,Marketing,Manager,63840,31,Female
600,Employee_600,48,Marketing,Intern,62430,18,Female
601,Employee_601,34,Marketing,Analyst,53091,24,Male
602,Employee_602,54,Finance,Manager,62983,23,Male
603,Employee_603,55,Sales,Engineer,53989,22,Male
604,Employee_604,56,IT,Engineer,105451,2,Male
605,Employee_605,22,IT,Engineer,138088,31,Female
606,Employee_606,42,Finance,Engineer,48990,11,Female
607,Employee_607,27,Marketing,Executive,120270,28,Male
608,Employee_608,49,HR,Intern,110360,32,Female
609,Employee_609,38,Finance,Intern,149469,5,Female
610,Employee_610,26,Finance,Executive,66081,10,Female
611,Employee_611,52,Sales,Analyst,41033,24,Male
612,Employee_612,26,IT,Analyst,138272,23,Female
613,Employee_613,59,Finance,Engineer,46241,17,Male
614,Employee_614,24,Finance,Manager,35939,1,Male
615,Employee_615,44,Marketing,Analyst,143000,31,Female
616,Employee_616,58,Marketing,Manager,77562,31,Female
617,Employee_617,58,HR,Intern,65063,34,Male
618,Employee_618,31,Sales,Manager,130000,9,Female
619,Employee_619,31,HR,Intern,106721,22,Female
620,Employee_620,40,Marketing,Executive,57045,13,Male
621,Employee_621,38,IT,Executive,146634,25,Male
622,Employee_622,42,Marketing,Engineer,74769,18,Male
623,Employee_623,35,Sales,Analyst,77118,12,Male
624,Employee_624,30,Marketing,Engineer,114703,17,Female
625,Employee_625,22,Sales,Intern,131948,15,Female
626,Employee_626,34,Sales,Engineer,51625,15,Male
627,Employee_627,25,Sales,Manager,134724,15,Male
628,Employee_628,22,Sales,Intern,57076,13,Male
629,Employee_629,53,Sales,Executive,94805,17,Female
630,Employee_630,55,IT,Analyst,74605,32,Male
631,Employee_631,49,HR,Intern,114565,9,Female
632,Employee_632,52,Finance,Intern,118509,20,Male
633,Employee_633,29,HR,Manager,69121,26,Male
634,Employee_634,47,Sales,Analyst,95101,27,Male
635,Employee_635,55,IT,Executive,61433,21,Female
636,Employee_636,24,Marketing,Intern,73309,18,Female
637,Employee_637,33,IT,Intern,97468,13,Female
638,Employee_638,22,Sales,Manager,74254,16,Male
639,Employee_639,26,IT,Engineer,97293,9,Female
640,Employee_640,51,IT,Executive,126258,12,Female
641,Employee_641,51,Sales,Analyst,67853,19,Male
642,Employee_642,38,IT,Intern,68405,7,Male
643,Employee_643,44,Finance,Intern,96652,18,Female
644,Employee_644,36,Finance,Executive,73527,16,Female
645,Employee_645,58,IT,Engineer,107227,4,Female
646,Employee_646,42,Marketing,Intern,30492,25,Female
647,Employee_647,35,Sales,Executive,123418,32,Male
648,Employee_648,23,Finance,Manager,38811,13,Male
649,Employee_649,32,Marketing,Engineer,123344,17,Male
650,Employee_650,59,IT,Analyst,54272,6,Female
651,Employee_651,55,Marketing,Intern,123935,19,Female
652,Employee_652,59,HR,Executive,102010,13,Male
653,Employee_653,55,Finance,Manager,122492,26,Male
654,Employee_654,39,IT,Analyst,77153,14,Female
655,Employee_655,51,Sales,Executive,138042,31,Female
656,Employee_656,36,IT,Executive,84110,4,Male
657,Employee_657,48,Sales,Analyst,43979,8,Male
658,Employee_658,55,IT,Manager,140059,25,Male
659,Employee_659,59,Marketing,Manager,138101,13,Female
660,Employee_660,54,Marketing,Engineer,58328,32,Female
661,Employee_661,45,Marketing,Intern,142911,28,Female
662,Employee_662,36,HR,Analyst,42867,30,Female
663,Employee_663,51,Sales,Analyst,89234,3,Female
664,Employee_664,38,Marketing,Analyst,55851,28,Female
665,Employee_665,26,HR,Manager,61279,3,Male
666,Employee_666,50,Sales,Intern,147431,34,Male
667,Employee_667,25,IT,Engineer,126063,16,Female
668,Employee_668,31,HR,Executive,103402,22,Male
669,Employee_669,38,Finance,Executive,45449,32,Female
670,Employee_670,31,HR,Analyst,106221,8,Male
671,Employee_671,38,HR,Intern,119080,8,Female
672,Employee_672,41,Sales,Manager,35451,6,Male
673,Employee_673,45,IT,Intern,117178,14,Male
674,Employee_674,26,Finance,Intern,71316,32,Female
675,Employee_675,55,Marketing,Manager,93064,10,Female
676,Employee_676,27,Marketing,Analyst,93761,3,Male
677,Employee_677,23,HR,Intern,135490,12,Male
678,Employee_678,34,Sales,Executive,68870,31,Female
679,Employee_679,32,Sales,Manager,126566,29,Male
680,Employee_680,44,Marketing,Engineer,60873,5,Female
681,Employee_681,37,Finance,Analyst,88627,25,Female
682,Employee_682,52,IT,Manager,96155,31,Male
683,Employee_683,32,Finance,Engineer,129186,21,Female
684,Employee_684,37,IT,Engineer,55372,20,Male
685,Employee_685,29,Marketing,Intern,33642,22,Male
686,Employee_686,25,IT,Intern,58001,4,Female
687,Employee_687,25,Sales,Intern,64064,13,Male
688,Employee_688,46,HR,Manager,124826,20,Female
689,Employee_689,24,HR,Manager,44122,13,Female
690,Employee_690,53,Marketing,Analyst,54820,17,Female
691,Employee_691,24,Sales,Intern,98431,33,Male
692,Employee_692,48,Finance,Engineer,85745,1,Female
693,Employee_693,50,Sales,Executive,80081,15,Male
694,Employee_694,53,HR,Analyst,100902,13,Female
695,Employee_695,40,HR,Manager,38711,17,Female
696,Employee_696,42,Sales,Analyst,115132,24,Female
697,Employee_697,26,Sales,Analyst,48793,8,Male
698,Employee_698,39,HR,Analyst,38199,27,Male
699,Employee_699,49,Finance,Analyst,106253,23,Female
700,Employee_700,43,Marketing,Executive,66191,8,Female
701,Employee_701,42,Marketing,Intern,40211,8,Male
702,Employee_702,27,Sales,Engineer,141086,26,Male
703,Employee_703,22,Marketing,Analyst,93069,13,Male
704,Employee_704,26,HR,Analyst,118896,28,Female
705,Employee_705,33,HR,Analyst,86746,25,Male
706,Employee_706,47,Sales,Intern,51542,16,Female
707,Employee_707,55,Sales,Manager,61312,2,Male
708,Employee_708,35,Sales,Manager,75242,18,Female
709,Employee_709,47,Finance,Executive,131971,17,Female
710,Employee_710,48,Marketing,Manager,123783,30,Female
711,Employee_711,30,Sales,Analyst,117893,13,Male
712,Employee_712,47,IT,Analyst,85388,32,Male
713,Employee_713,43,IT,Analyst,136581,29,Male
714,Employee_714,51,HR,Executive,57691,30,Female
715,Employee_715,38,Marketing,Analyst,107960,18,Female
716,Employee_716,47,Sales,Manager,114388,13,Male
717,Employee_717,57,IT,Intern,52601,21,Female
718,Employee_718,22,Marketing,Intern,148307,30,Female
719,Employee_719,29,HR,Engineer,48020,21,Female
720,Employee_720,56,Finance,Manager,38155,17,Male
721,Employee_721,36,Marketing,Analyst,99119,19,Female
722,Employee_722,43,Marketing,Intern,111051,15,Male
723,Employee_723,35,Finance,Manager,66777,9,Male
724,Employee_724,47,Marketing,Intern,49710,10,Male
725,Employee_725,49,HR,Analyst,138714,31,Male
726,Employee_726,44,HR,Intern,54532,23,Male
727,Employee_727,35,Finance,Engineer,48601,30,Female
728,Employee_728,45,Sales,Engineer,93227,33,Male
729,Employee_729,23,IT,Intern,34967,9,Male
730,Employee_730,47,Sales,Manager,114289,1,Male
731,Employee_731,35,Marketing,Manager,50022,11,Female
732,Employee_732,28,IT,Manager,73463,34,Female
733,Employee_733,24,Finance,Intern,104671,16,Female
734,Employee_734,44,Finance,Manager,35722,9,Female
735,Employee_735,39,IT,Analyst,57413,32,Male
736,Employee_736,59,HR,Engineer,122772,15,Male
737,Employee_737,56,IT,Analyst,111050,12,Female
738,Employee_738,36,Marketing,Manager,139432,33,Female
739,Employee_739,46,HR,Analyst,132748,14,Female
740,Employee_740,58,Finance,Manager,135922,8,Female
741,Employee_741,49,IT,Intern,115867,8,Male
742,Employee_742,31,Sales,Analyst,113596,27,Female
743,Employee_743,38,Sales,Intern,96732,12,Female
744,Employee_744,43,Marketing,Intern,42297,1,Female
745,Employee_745,47,Sales,Executive,98323,11,Female
746,Employee_746,46,IT,Manager,53816,31,Female
747,Employee_747,38,IT,Engineer,70695,17,Female
748,Employee_748,34,Sales,Manager,49702,33,Female
749,Employee_749,41,IT,Engineer,55242,32,Male
750,Employee_750,46,Marketing,Manager,85841,29,Male
751,Employee_751,25,HR,Intern,97712,21,Male
752,Employee_752,31,Marketing,Analyst,115663,21,Male
753,Employee_753,24,Marketing,Analyst,137096,23,Male
754,Employee_754,39,IT,Executive,122764,6,Male
755,Employee_755,57,HR,Engineer,83574,22,Female
756,Employee_756,43,IT,Engineer,115744,8,Female
757,Employee_757,55,Finance,Engineer,58482,11,Male
758,Employee_758,29,IT,Intern,39171,24,Female
759,Employee_759,40,IT,Engineer,130755,21,Male
760,Employee_760,58,IT,Analyst,128932,2,Female
761,Employee_761,27,HR,Intern,138125,19,Female
762,Employee_762,47,IT,Manager,136082,28,Female
763,Employee_763,55,HR,Engineer,33696,17,Female
764,Employee_764,27,Sales,Engineer,50058,6,Female
765,Employee_765,58,Finance,Manager,50313,19,Female
766,Employee_766,54,HR,Engineer,49149,28,Male
767,Employee_767,43,Sales,Manager,83521,2,Male
768,Employee_768,42,HR,Intern,75740,4,Female
769,Employee_769,27,HR,Analyst,136611,22,Male
770,Employee_770,27,Finance,Manager,34956,26,Female
771,Employee_771,25,Marketing,Executive,105731,13,Male
772,Employee_772,51,Marketing,Manager,112612,32,Female
773,Employee_773,32,HR,Engineer,147850,17,Male
774,Employee_774,51,IT,Intern,96641,19,Female
775,Employee_775,52,Sales,Intern,93811,28,Male
776,Employee_776,45,IT,Manager,82160,1,Female
777,Employee_777,30,IT,Analyst,81313,18,Male
778,Employee_778,24,HR,Executive,93232,33,Female
779,Employee_779,52,HR,Intern,45417,12,Female
780,Employee_780,58,HR,Engineer,54729,8,Female
781,Employee_781,57,HR,Engineer,142492,24,Male
782,Employee_782,45,Marketing,Analyst,60099,16,Male
783,Employee_783,52,HR,Intern,148387,4,Male
784,Employee_784,27,Marketing,Manager,128134,27,Female
785,Employee_785,23,Marketing,Engineer,59961,9,Male
786,Employee_786,41,HR,Analyst,42602,16,Female
787,Employee_787,49,Finance,Intern,148474,12,Male
788,Employee_788,32,Sales,Intern,39256,31,Male
789,Employee_789,25,IT,Intern,116120,24,Male
790,Employee_790,36,Marketing,Intern,142516,14,Male
791,Employee_791,27,Sales,Intern,64681,25,Female
792,Employee_792,51,Finance,Engineer,121328,34,Male
793,Employee_793,59,IT,Analyst,117440,3,Male
794,Employee_794,23,IT,Intern,94789,24,Female
795,Employee_795,36,Marketing,Executive,73361,9,Female
796,Employee_796,32,HR,Executive,94503,26,Male
797,Employee_797,29,Finance,Analyst,64540,20,Male
798,Employee_798,47,Marketing,Manager,56536,10,Female
799,Employee_799,26,Finance,Manager,114700,19,Female
800,Employee_800,27,HR,Manager,93043,3,Female
801,Employee_801,47,HR,Executive,108532,24,Male
802,Employee_802,25,Marketing,Manager,86575,5,Male
803,Employee_803,40,HR,Engineer,32871,3,Male
804,Employee_804,41,Sales,Intern,76002,27,Female
805,Employee_805,54,IT,Executive,79812,16,Female
806,Employee_806,41,Marketing,Analyst,52626,15,Female
807,Employee_807,33,Finance,Analyst,89979,12,Male
808,Employee_808,22,Sales,Intern,106057,26,Female
809,Employee_809,47,Marketing,Executive,138946,34,Male
810,Employee_810,35,HR,Manager,96668,23,Female
811,Employee_811,59,HR,Manager,129003,31,Male
812,Employee_812,58,HR,Engineer,110070,20,Male
813,Employee_813,32,HR,Engineer,119390,12,Female
814,Employee_814,57,Finance,Manager,72998,23,Male
815,Employee_815,34,Sales,Analyst,93814,4,Female
816,Employee_816,24,IT,Analyst,134601,23,Male
817,Employee_817,54,Finance,Engineer,75607,1,Female
818,Employee_818,27,Finance,Intern,37812,25,Female
819,Employee_819,31,IT,Manager,91844,2,Male
820,Employee_820,26,IT,Engineer,100093,30,Female
821,Employee_821,44,HR,Engineer,32179,3,Male
822,Employee_822,31,Finance,Manager,73798,21,Female
823,Employee_823,23,Marketing,Manager,104601,25,Female
824,Employee_824,34,IT,Analyst,38275,20,Female
825,Employee_825,23,IT,Intern,80574,22,Female
826,Employee_826,41,Sales,Intern,77857,21,Male
827,Employee_827,22,Marketing,Manager,131484,33,Female
828,Employee_828,58,Marketing,Executive,50700,15,Female
829,Employee_829,30,IT,Engineer,69464,15,Male
830,Employee_830,38,HR,Engineer,72351,25,Male
831,Employee_831,30,Sales,Manager,123330,21,Male
832,Employee_832,32,Marketing,Executive,124319,24,Male
833,Employee_833,36,IT,Analyst,112534,5,Male
834,Employee_834,45,Marketing,Manager,43869,6,Male
835,Employee_835,59,Sales,Manager,90315,23,Female
836,Employee_836,56,Sales,Engineer,140061,4,Male
837,Employee_837,51,Finance,Manager,123688,27,Female
838,Employee_838,52,IT,Manager,50954,18,Male
839,Employee_839,26,Sales,Manager,61555,21,Female
840,Employee_840,35,Finance,Engineer,93353,28,Female
841,Employee_841,32,Finance,Analyst,112190,22,Female
842,Employee_842,30,Marketing,Analyst,75026,23,Male
843,Employee_843,55,Marketing,Manager,130772,3,Male
844,Employee_844,33,Finance,Engineer,76976,10,Male
845,Employee_845,56,Marketing,Analyst,110578,25,Male
846,Employee_846,56,Sales,Analyst,121502,8,Female
847,Employee_847,22,HR,Analyst,143943,11,Male
848,Employee_848,43,Sales,Engineer,139850,5,Female
849,Employee_849,50,Finance,Engineer,75095,29,Female
850,Employee_850,29,Finance,Manager,44270,5,Male
851,Employee_851,32,Sales,Intern,60908,9,Male
852,Employee_852,58,Marketing,Analyst,45523,2,Male
853,Employee_853,35,Marketing,Intern,92433,1,Female
854,Employee_854,51,Finance,Engineer,77068,30,Male
855,Employee_855,56,IT,Engineer,49991,11,Female
856,Employee_856,42,Marketing,Engineer,40775,28,Male
857,Employee_857,58,Sales,Intern,107801,12,Female
858,Employee_858,26,Marketing,Engineer,114995,26,Male
859,Employee_859,40,Sales,Manager,91250,13,Male
860,Employee_860,35,Finance,Engineer,46673,8,Female
861,Employee_861,47,Marketing,Executive,57056,28,Male
862,Employee_862,25,Sales,Intern,36614,30,Male
863,Employee_863,46,Finance,Executive,131556,9,Male
864,Employee_864,46,IT,Engineer,37415,31,Male
865,Employee_865,39,Sales,Manager,118691,21,Male
866,Employee_866,29,IT,Analyst,144966,34,Male
867,Employee_867,35,IT,Engineer,73884,31,Male
868,Employee_868,53,HR,Manager,46964,25,Female
869,Employee_869,59,Marketing,Intern,67726,12,Female
870,Employee_870,54,Sales,Executive,67044,1,Male
871,Employee_871,44,IT,Executive,87149,22,Male
872,Employee_872,36,HR,Executive,67544,1,Male
873,Employee_873,54,Finance,Intern,79976,1,Female
874,Employee_874,46,Sales,Manager,62252,21,Female
875,Employee_875,38,IT,Intern,33832,15,Male
876,Employee_876,54,Marketing,Executive,120811,17,Female
877,Employee_877,23,HR,Engineer,110437,22,Male
878,Employee_878,35,IT,Analyst,133749,16,Male
879,Employee_879,27,Marketing,Intern,64148,8,Male
880,Employee_880,27,IT,Intern,91240,17,Male
881,Employee_881,24,Sales,Manager,138169,17,Female
882,Employee_882,28,Sales,Manager,118454,26,Female
883,Employee_883,29,Sales,Intern,142230,13,Male
884,Employee_884,36,HR,Executive,115076,17,Female
885,Employee_885,50,Sales,Analyst,107116,17,Female
886,Employee_886,54,Marketing,Manager,83459,14,Male
887,Employee_887,51,IT,Executive,68402,6,Female
888,Employee_888,48,Finance,Engineer,87727,14,Male
889,Employee_889,57,Marketing,Manager,68578,8,Male
890,Employee_890,50,Marketing,Executive,120453,15,Male
891,Employee_891,59,Sales,Executive,52318,27,Male
892,Employee_892,54,HR,Analyst,105715,13,Female
893,Employee_893,58,IT,Analyst,107787,31,Male
894,Employee_894,48,HR,Engineer,141435,6,Female
895,Employee_895,54,IT,Executive,115029,5,Male
896,Employee_896,25,IT,Executive,50466,22,Male
897,Employee_897,43,HR,Analyst,125742,23,Female
898,Employee_898,23,Marketing,Manager,75475,25,Male
899,Employee_899,31,IT,Manager,90142,34,Female
900,Employee_900,26,HR,Intern,115160,26,Female
901,Employee_901,31,IT,Analyst,56564,5,Male
902,Employee_902,54,Finance,Intern,52412,26,Male
903,Employee_903,59,Marketing,Analyst,123526,20,Male
904,Employee_904,34,Sales,Engineer,81001,6,Male
905,Employee_905,52,IT,Executive,87649,6,Male
906,Employee_906,57,Finance,Engineer,90957,18,Male
907,Employee_907,45,Sales,Analyst,65517,4,Female
908,Employee_908,36,Sales,Executive,43156,17,Female
909,Employee_909,50,IT,Manager,53064,14,Male
910,Employee_910,29,HR,Manager,55711,14,Female
911,Employee_911,26,IT,Intern,60106,13,Female
912,Employee_912,50,Finance,Analyst,95458,7,Male
913,Employee_913,25,Sales,Analyst,46589,15,Male
914,Employee_914,33,IT,Manager,119272,19,Female
915,Employee_915,23,HR,Engineer,116511,17,Male
916,Employee_916,48,IT,Executive,131754,19,Female
917,Employee_917,52,Marketing,Engineer,37214,20,Male
918,Employee_918,57,HR,Engineer,126117,32,Female
919,Employee_919,57,Finance,Manager,115731,24,Female
920,Employee_920,47,Sales,Manager,140118,17,Female
921,Employee_921,48,IT,Manager,57127,7,Female
922,Employee_922,26,HR,Intern,35141,1,Male
923,Employee_923,41,Marketing,Engineer,58884,32,Male
924,Employee_924,32,HR,Analyst,120421,13,Female
925,Employee_925,31,Marketing,Executive,32708,6,Female
926,Employee_926,59,Finance,Intern,48375,14,Male
927,Employee_927,27,Sales,Analyst,45088,15,Male
928,Employee_928,29,Finance,Engineer,87615,4,Female
929,Employee_929,44,IT,Manager,140138,16,Female
930,Employee_930,47,HR,Engineer,75046,28,Female
931,Employee_931,33,Marketing,Executive,40014,16,Female
932,Employee_932,47,Marketing,Intern,94425,4,Female
933,Employee_933,34,HR,Intern,33273,26,Male
934,Employee_934,39,HR,Executive,77135,28,Female
935,Employee_935,46,IT,Analyst,132842,32,Male
936,Employee_936,54,Finance,Analyst,60881,2,Male
937,Employee_937,33,Marketing,Intern,127022,31,Male
938,Employee_938,57,IT,Intern,108077,3,Female
939,Employee_939,25,Finance,Manager,38712,8,Male
940,Employee_940,26,IT,Analyst,104704,24,Male
941,Employee_941,58,Marketing,Executive,82874,15,Male
942,Employee_942,29,HR,Analyst,99087,31,Male
943,Employee_943,49,HR,Manager,42297,9,Female
944,Employee_944,52,Finance,Intern,139269,2,Female
945,Employee_945,30,Sales,Intern,57128,8,Male
946,Employee_946,50,Finance,Manager,98368,7,Male
947,Employee_947,35,Sales,Executive,124019,16,Female
948,Employee_948,43,IT,Intern,117599,30,Female
949,Employee_949,32,IT,Engineer,118499,10,Female
950,Employee_950,44,Marketing,Intern,108958,18,Male
951,Employee_951,22,Sales,Engineer,62920,5,Female
952,Employee_952,58,Marketing,Manager,41156,29,Male
953,Employee_953,42,HR,Manager,41108,34,Male
954,Employee_954,47,Sales,Intern,61845,23,Female
955,Employee_955,57,Finance,Analyst,32800,5,Male
956,Employee_956,44,HR,Engineer,133614,30,Female
957,Employee_957,22,HR,Executive,72712,6,Male
958,Employee_958,36,Finance,Intern,32610,4,Female
959,Employee_959,42,HR,Executive,107603,29,Male
960,Employee_960,30,Sales,Intern,63872,23,Male
961,Employee_961,30,Marketing,Analyst,40728,6,Female
962,Employee_962,31,HR,Analyst,125102,32,Female
963,Employee_963,47,Sales,Analyst,125319,18,Female
964,Employee_964,56,IT,Analyst,50583,15,Female
965,Employee_965,46,Sales,Manager,115774,32,Male
966,Employee_966,47,Marketing,Manager,37263,9,Female
967,Employee_967,32,Sales,Engineer,97450,10,Female
968,Employee_968,59,Finance,Executive,119285,20,Male
969,Employee_969,23,Marketing,Intern,49456,6,Female
970,Employee_970,28,IT,Intern,121118,3,Female
971,Employee_971,39,Finance,Manager,95942,11,Male
972,Employee_972,48,Sales,Intern,43689,17,Female
973,Employee_973,55,Marketing,Manager,62934,32,Female
974,Employee_974,48,IT,Engineer,63276,4,Female
975,Employee_975,38,Finance,Executive,146349,4,Female
976,Employee_976,45,IT,Engineer,131968,17,Female
977,Employee_977,46,Sales,Analyst,49873,19,Female
978,Employee_978,28,IT,Analyst,43050,5,Male
979,Employee_979,27,HR,Analyst,96216,32,Female
980,Employee_980,45,Finance,Engineer,114444,22,Male
981,Employee_981,54,IT,Intern,114040,6,Male
982,Employee_982,50,Sales,Executive,51644,22,Male
983,Employee_983,43,Sales,Analyst,92021,1,Male
984,Employee_984,47,IT,Analyst,67125,20,Female
985,Employee_985,49,Sales,Analyst,96899,22,Female
986,Employee_986,42,Marketing,Executive,72291,11,Female
987,Employee_987,28,Marketing,Analyst,65060,13,Male
988,Employee_988,38,Marketing,Executive,31538,3,Female
989,Employee_989,41,HR,Analyst,66176,9,Female
990,Employee_990,41,IT,Engineer,71520,12,Female
991,Employee_991,43,HR,Engineer,55675,23,Male
992,Employee_992,49,Sales,Executive,48287,14,Male
993,Employee_993,28,HR,Engineer,30174,33,Female
994,Employee_994,22,Sales,Executive,122268,18,Male
995,Employee_995,53,Sales,Engineer,64998,9,Male
996,Employee_996,34,Finance,Engineer,132591,23,Female
997,Employee_997,51,Marketing,Executive,83312,10,Male
998,Employee_998,44,Sales,Intern,42112,19,Male
999,Employee_999,40,Finance,Engineer,135410,5,Female
1000,Employee_1000,53,Marketing,Analyst,105225,23,Male
